{"exact": 77.96594134342479, "f1": 87.17763711993938, "total": 10570, "HasAns_exact": 77.96594134342479, "HasAns_f1": 87.17763711993938, "HasAns_total": 10570}