{"exact": 85.23178807947019, "f1": 91.84379167652057, "total": 10570, "HasAns_exact": 85.23178807947019, "HasAns_f1": 91.84379167652057, "HasAns_total": 10570}