{"exact": 59.69725638599811, "f1": 69.72479597588388, "total": 10570, "HasAns_exact": 59.69725638599811, "HasAns_f1": 69.72479597588388, "HasAns_total": 10570}