{"exact": 78.54304635761589, "f1": 86.59098417356088, "total": 10570, "HasAns_exact": 78.54304635761589, "HasAns_f1": 86.59098417356088, "HasAns_total": 10570}