{
    "exact": 77.48344370860927,
    "f1": 86.02056850713203,
    "total": 10570,
    "HasAns_exact": 77.48344370860927,
    "HasAns_f1": 86.02056850713203,
    "HasAns_total": 10570
}