{"exact": 74.10596026490066, "f1": 82.98195010615, "total": 10570, "HasAns_exact": 74.10596026490066, "HasAns_f1": 82.98195010615, "HasAns_total": 10570}