{"exact": 82.05298013245033, "f1": 89.00392969538372, "total": 10570, "HasAns_exact": 82.05298013245033, "HasAns_f1": 89.00392969538372, "HasAns_total": 10570}