{"exact": 69.120151371807, "f1": 78.98107648350368, "total": 10570, "HasAns_exact": 69.120151371807, "HasAns_f1": 78.98107648350368, "HasAns_total": 10570}